{
	"GET": {
		"/index.html": {
			"headers": {
				"Location": "pages/html/list.html"
			},
			"statusCode": 302,
			"content": ""
		},
		"/$": {
			"headers": {
				"Location": "pages/html/list.html"
			},
			"statusCode": 302,
			"content": ""
		},
		"/go/character_creator/family": {
			"headers": {
				"Location": "/cc?themeId=family&bs=adam"
			},
			"statusCode": 302,
			"content": ""
		},
		"/crossdomain.xml": {
			"headers": {
				"Content-Type": "text/html; charset=UTF-8"
			},
			"content": "<cross-domain-policy><allow-access-from domain=\"*\"/></cross-domain-policy>"
		},
		"cc.swf": {},
		"go_full.swf": {},
		"favicon.ico": {},
		"char_default.png": {
			"content": "{\"message\":\"REQUEST_HAS_EXPIRED\"}"
		},
		"pages/html/(.*)": {
			"headers": {
				"Content-Type": "text/html; charset=UTF-8"
			}
		},
		"pages/css/(.*)": {
			"headers": {
				"Content-Type": "text/css; charset=UTF-8"
			}
		},
		"pages/fonts/(.*)": {
			"headers": {
				"Content-Type": "application/font-woff; charset=UTF-8"
			}
		},
		"pages/img/(.*)(png|PNG)$": {
			"headers": {
				"Content-Type": "image/png"
			}
		},
		"pages/img/(.*)(jpg|JPG|jpeg|JPEG)$": {
			"headers": {
				"Content-Type": "image/jpeg"
			}
		},
		"pages/img/(.*)(svg|SVG)$": {
			"headers": {
				"Content-Type": "image/svg+xml; charset=UTF-8"
			}
		}
	},
	"POST": {
		"/goapi/getUserWatermarks/": {
			"headers": {
				"Content-Type": "text/html; charset=UTF-8"
			},
			"content": "<?xml encoding=\"UTF-8\"?><watermarks><current/><preview/></watermarks>"
		},
		"/goapi/getMovieInfo/": {
			"headers": {
				"Content-Type": "text/html; charset=UTF-8"
			},
			"content": "<?xml encoding=\"UTF-8\"?><watermarks><watermark style=\"visualplugin\"/></watermarks>"
		}
	},
	"pages": {
		"/go_full": "<iframe style='display:none'name='dummy'></iframe><form style='display:none'id='uploadbanner'enctype='multipart/form-data'method='post'action='/upload_asset'target='dummy'onchanged='(this.files[0]!=undefined)&&sub.click()'><input id='fileupload'name='import'type='file'/><input type='submit'value='submit'id='submit'/></form><script>interactiveTutorial={neverDisplay:function(){return true}};function studioLoaded(arg){console.log(arg)}function initPreviewPlayer(xml){confirm('Before proceeding, please make sure all your changes have been saved.')&&window.open('player?movieId='+flashvars.presaveId,'MsgWindow','width=1280,height=720,left='+(screen.width/2-640)+',top='+(screen.height/2-360))};function exitStudio(){window.location='pages/html/list.html'}const fu=document.getElementById('fileupload'),sub=document.getElementById('submit');function showImporter(){fu.click()};</script>",
		"/cc": "<script>function characterSaved(){window.location='pages/html/list.html'}</script>"
	}
}
