{
	"CHAR_BASE_URL": "https://localhost:4664/characters",
	"THUMB_BASE_URL": "https://localhost:4664/thumbnails",
	"XML_HEADER": "<?xml version=\"1.0\" encoding=\"utf-8\"?>\n",
	"FAILURE_XML": "<error><code>ERR_ASSET_404</code><message>Something broke and got grounded.</message><text></text></error>",
	"CROSSDOMAIN": "<cross-domain-policy><allow-access-from domain=\"*\"/></cross-domain-policy>",
	"FILE_WIDTH": 1000,
	"GATHER_THREADS": 100,
	"GATHER_THRESH1": 250000000,
	"GATHER_THRESH2": 328493000,
	"GATHER_THRESH3": 400000000,
	"FILE_NUM_WIDTH": 9,
	"XML_NUM_WIDTH": 3,
	"SERVER_PORT": 4343,
	"SAVED_FOLDER": "./_SAVED",
	"CACHÉ_FOLDER": "./_CACHÉ",
	"THEME_FOLDER": "./_THEMES",
	"PREMADE_FOLDER": "./_PREMADE",
	"EXAMPLE_FOLDER": "./_EXAMPLES"
}